{
  "project_info": {
    "project_number": "134798129421",
    "firebase_url": "https://fit-heaven-200517.firebaseio.com",
    "project_id": "fit-heaven-200517",
    "storage_bucket": "fit-heaven-200517.appspot.com"
  },
  "client": [
    {
      "client_info": {
        "mobilesdk_app_id": "1:134798129421:android:d39b7dd9a25f2162",
        "android_client_info": {
          "package_name": "com.example.mohan.database"
        }
      },
      "oauth_client": [
        {
          "client_id": "134798129421-2hauh0bqsq4go48cgck5pjaer5v1e83r.apps.googleusercontent.com",
          "client_type": 1,
          "android_info": {
            "package_name": "com.example.mohan.database",
            "certificate_hash": "c7fbd925f747843e214912f6846ed7d81a7a8919"
          }
        },
        {
          "client_id": "134798129421-v4hq0dt12d2nl78v2f82aq2822iafcq8.apps.googleusercontent.com",
          "client_type": 3
        }
      ],
      "api_key": [
        {
          "current_key": "AIzaSyClhd72GgGhZxjiFumImGihPFIRz4wrlHg"
        }
      ],
      "services": {
        "analytics_service": {
          "status": 1
        },
        "appinvite_service": {
          "status": 2,
          "other_platform_oauth_client": [
            {
              "client_id": "134798129421-v4hq0dt12d2nl78v2f82aq2822iafcq8.apps.googleusercontent.com",
              "client_type": 3
            }
          ]
        },
        "ads_service": {
          "status": 2
        }
      }
    },
    {
      "client_info": {
        "mobilesdk_app_id": "1:134798129421:android:db7704faee3f6567",
        "android_client_info": {
          "package_name": "com.example.mohan.firebase"
        }
      },
      "oauth_client": [
        {
          "client_id": "134798129421-g70lmvqfeq4mf04imo6cevguqgk2vmkp.apps.googleusercontent.com",
          "client_type": 1,
          "android_info": {
            "package_name": "com.example.mohan.firebase",
            "certificate_hash": "c7fbd925f747843e214912f6846ed7d81a7a8919"
          }
        },
        {
          "client_id": "134798129421-v4hq0dt12d2nl78v2f82aq2822iafcq8.apps.googleusercontent.com",
          "client_type": 3
        }
      ],
      "api_key": [
        {
          "current_key": "AIzaSyClhd72GgGhZxjiFumImGihPFIRz4wrlHg"
        }
      ],
      "services": {
        "analytics_service": {
          "status": 1
        },
        "appinvite_service": {
          "status": 2,
          "other_platform_oauth_client": [
            {
              "client_id": "134798129421-v4hq0dt12d2nl78v2f82aq2822iafcq8.apps.googleusercontent.com",
              "client_type": 3
            }
          ]
        },
        "ads_service": {
          "status": 2
        }
      }
    },
    {
      "client_info": {
        "mobilesdk_app_id": "1:134798129421:android:7c73732ff3265d7c",
        "android_client_info": {
          "package_name": "com.example.mohan.loginact"
        }
      },
      "oauth_client": [
        {
          "client_id": "134798129421-gaj1ee9djrf5tbb6q5hulak21nb3urmh.apps.googleusercontent.com",
          "client_type": 1,
          "android_info": {
            "package_name": "com.example.mohan.loginact",
            "certificate_hash": "c58cde78dacc420bfd446d1a9f2bd09839e33a27"
          }
        },
        {
          "client_id": "134798129421-1ktljovr22er657f2fapgcqo58e2vm84.apps.googleusercontent.com",
          "client_type": 1,
          "android_info": {
            "package_name": "com.example.mohan.loginact",
            "certificate_hash": "1c5732b521700ed3e3b6cd3733fbbd76427f1b88"
          }
        },
        {
          "client_id": "134798129421-j9v1pjbtuuqn8e4j038t0cfucank5m8l.apps.googleusercontent.com",
          "client_type": 1,
          "android_info": {
            "package_name": "com.example.mohan.loginact",
            "certificate_hash": "633e3c54c7edaa8a2dc27a882385cfe18d36bf4a"
          }
        },
        {
          "client_id": "134798129421-hrvqk2i0rhn6k64cv2pjsn43kia6mbiv.apps.googleusercontent.com",
          "client_type": 1,
          "android_info": {
            "package_name": "com.example.mohan.loginact",
            "certificate_hash": "8c48de40dfed021bc386823180e7befe2af7f56f"
          }
        },
        {
          "client_id": "134798129421-g360u6fi9d58srk68tk0b0c3ht34k813.apps.googleusercontent.com",
          "client_type": 1,
          "android_info": {
            "package_name": "com.example.mohan.loginact",
            "certificate_hash": "abdd6c217d8f4c8c9916ba3c8503b68140933c4a"
          }
        },
        {
          "client_id": "134798129421-45ih4plgl8a1rbfqta6kursnfo27ngf4.apps.googleusercontent.com",
          "client_type": 1,
          "android_info": {
            "package_name": "com.example.mohan.loginact",
            "certificate_hash": "aaf1732b8794e8e0a715552913341fcb66ca1614"
          }
        },
        {
          "client_id": "134798129421-7no7ogfa6vge89m47636mpdol40des99.apps.googleusercontent.com",
          "client_type": 1,
          "android_info": {
            "package_name": "com.example.mohan.loginact",
            "certificate_hash": "0fe285ab0d0601bc94869a4d95efa2809fdd9d88"
          }
        },
        {
          "client_id": "134798129421-v4hq0dt12d2nl78v2f82aq2822iafcq8.apps.googleusercontent.com",
          "client_type": 3
        }
      ],
      "api_key": [
        {
          "current_key": "AIzaSyClhd72GgGhZxjiFumImGihPFIRz4wrlHg"
        }
      ],
      "services": {
        "analytics_service": {
          "status": 1
        },
        "appinvite_service": {
          "status": 2,
          "other_platform_oauth_client": [
            {
              "client_id": "134798129421-v4hq0dt12d2nl78v2f82aq2822iafcq8.apps.googleusercontent.com",
              "client_type": 3
            }
          ]
        },
        "ads_service": {
          "status": 2
        }
      }
    },
    {
      "client_info": {
        "mobilesdk_app_id": "1:134798129421:android:9990b4ba02b1f58a",
        "android_client_info": {
          "package_name": "com.example.mohan.myapplication"
        }
      },
      "oauth_client": [
        {
          "client_id": "134798129421-a7hl7to9ucr2ho4fpd871ugtbern75f7.apps.googleusercontent.com",
          "client_type": 1,
          "android_info": {
            "package_name": "com.example.mohan.myapplication",
            "certificate_hash": "c58cde78dacc420bfd446d1a9f2bd09839e33a27"
          }
        },
        {
          "client_id": "134798129421-v4hq0dt12d2nl78v2f82aq2822iafcq8.apps.googleusercontent.com",
          "client_type": 3
        }
      ],
      "api_key": [
        {
          "current_key": "AIzaSyClhd72GgGhZxjiFumImGihPFIRz4wrlHg"
        }
      ],
      "services": {
        "analytics_service": {
          "status": 1
        },
        "appinvite_service": {
          "status": 2,
          "other_platform_oauth_client": [
            {
              "client_id": "134798129421-v4hq0dt12d2nl78v2f82aq2822iafcq8.apps.googleusercontent.com",
              "client_type": 3
            }
          ]
        },
        "ads_service": {
          "status": 2
        }
      }
    },
    {
      "client_info": {
        "mobilesdk_app_id": "1:134798129421:android:6419f85112a5a806",
        "android_client_info": {
          "package_name": "com.example.root.test"
        }
      },
      "oauth_client": [
        {
          "client_id": "134798129421-v4hq0dt12d2nl78v2f82aq2822iafcq8.apps.googleusercontent.com",
          "client_type": 3
        }
      ],
      "api_key": [
        {
          "current_key": "AIzaSyClhd72GgGhZxjiFumImGihPFIRz4wrlHg"
        }
      ],
      "services": {
        "analytics_service": {
          "status": 1
        },
        "appinvite_service": {
          "status": 1,
          "other_platform_oauth_client": []
        },
        "ads_service": {
          "status": 2
        }
      }
    }
  ],
  "configuration_version": "1"
}